{"cameraMode":{"drawMode":0,"name":"Shaded","section":"Shading Mode"},"sceneLighting":false,"audioPlay":false,"sceneViewState":{"m_AlwaysRefresh":false,"showFog":true,"showSkybox":false,"showFlares":true,"showImageEffects":true,"showParticleSystems":true,"showVisualEffectGraphs":true,"m_FxEnabled":true},"in2DMode":false,"pivot":{"x":-2.9164652824401857,"y":3.3785998821258547,"z":17.656902313232423},"rotation":{"x":-0.42572230100631716,"y":0.014909902587532997,"z":-0.007040957920253277,"w":-0.904737114906311},"size":10.190390586853028,"orthographic":false}