{"cameraMode":{"drawMode":0,"name":"Shaded","section":"Shading Mode"},"sceneLighting":false,"audioPlay":false,"sceneViewState":{"m_AlwaysRefresh":false,"showFog":true,"showSkybox":false,"showFlares":true,"showImageEffects":true,"showParticleSystems":true,"showVisualEffectGraphs":true,"m_FxEnabled":true},"in2DMode":false,"pivot":{"x":13.504261016845704,"y":11.161490440368653,"z":28.380901336669923},"rotation":{"x":0.2750602662563324,"y":0.15802590548992158,"z":-0.04592975229024887,"w":0.947288990020752},"size":18.304080963134767,"orthographic":true}