{"cameraMode":{"drawMode":0,"name":"Shaded","section":"Shading Mode"},"sceneLighting":false,"audioPlay":false,"sceneViewState":{"m_AlwaysRefresh":false,"showFog":true,"showSkybox":false,"showFlares":true,"showImageEffects":true,"showParticleSystems":true,"showVisualEffectGraphs":true,"m_FxEnabled":true},"in2DMode":false,"pivot":{"x":0.9580358266830444,"y":1.100400686264038,"z":1.730047345161438},"rotation":{"x":0.05441143736243248,"y":-0.9218349456787109,"z":0.14045356214046479,"w":0.3571171760559082},"size":0.17410854995250703,"orthographic":false}