{"cameraMode":{"drawMode":0,"name":"Shaded","section":"Shading Mode"},"sceneLighting":false,"audioPlay":false,"sceneViewState":{"m_AlwaysRefresh":false,"showFog":true,"showSkybox":false,"showFlares":true,"showImageEffects":true,"showParticleSystems":true,"showVisualEffectGraphs":true,"m_FxEnabled":true},"in2DMode":false,"pivot":{"x":4.772898197174072,"y":5.687592506408691,"z":-7.223479270935059},"rotation":{"x":0.0013773198006674648,"y":0.9798634052276611,"z":-0.19964946806430818,"w":0.006757717579603195},"size":2.2328641414642336,"orthographic":true}